id,title,score,num_comments,author,created_utc,url,over_18,edited,spoiler,stickied
1in4x6o,"LOL...Elon ""Super Genius"" Musk doesn't know how Relational Databases work...but will that stop him from running his mouth about how Relational Databases work ?",280,105,Pretend-Algae1445,2025-02-11 18:03:52,https://www.reddit.com/r/dataengineering/comments/1in4x6o/lolelon_super_genius_musk_doesnt_know_how/,False,False,False,False
1imjtro,Myth: Dagster is harder than Airflow,95,22,General-Parsnip3138,2025-02-10 23:00:22,https://www.reddit.com/r/dataengineering/comments/1imjtro/myth_dagster_is_harder_than_airflow/,False,False,False,False
1in0w0n,Stop testing in production: use dlt data cache instead.,25,8,Thinker_Assignment,2025-02-11 15:16:46,https://www.reddit.com/r/dataengineering/comments/1in0w0n/stop_testing_in_production_use_dlt_data_cache/,False,False,False,False
1imicxx,Is Medallion Architecture Overkill for Simple Use Cases? Seeking Advice,24,14,Certain_Leader9946,2025-02-10 21:58:11,https://www.reddit.com/r/dataengineering/comments/1imicxx/is_medallion_architecture_overkill_for_simple_use/,False,False,False,False
1imvi2p,Best Approach to Learning SQL & Python for Data Engineering?,17,8,Durszlakovvy,2025-02-11 10:22:18,https://www.reddit.com/r/dataengineering/comments/1imvi2p/best_approach_to_learning_sql_python_for_data/,False,False,False,False
1imr92s,Studying for a job switch with basically no tech stack,12,14,depressed_happiness,2025-02-11 05:18:43,https://www.reddit.com/r/dataengineering/comments/1imr92s/studying_for_a_job_switch_with_basically_no_tech/,False,False,False,False
1in15zu,FREE SNOWFLAKE COURSE(INDUSTRY BASED COURSE),8,3,Ninad_Magdum,2025-02-11 15:28:40,https://www.reddit.com/r/dataengineering/comments/1in15zu/free_snowflake_courseindustry_based_course/,False,False,False,False
1in63al,Feels like my career has completely stalled,10,17,Sensitive_Bison_4458,2025-02-11 18:51:18,https://www.reddit.com/r/dataengineering/comments/1in63al/feels_like_my_career_has_completely_stalled/,False,False,False,False
1imicne,Need advice from solo/single member team Data Engineers,8,1,areeba_k84,2025-02-10 21:57:49,https://www.reddit.com/r/dataengineering/comments/1imicne/need_advice_from_solosingle_member_team_data/,False,False,False,False
1img4h9,ETL Benchmark Data Set + Queries...does it exist?,6,6,ryan_with_a_why,2025-02-10 20:26:38,https://www.reddit.com/r/dataengineering/comments/1img4h9/etl_benchmark_data_set_queriesdoes_it_exist/,False,False,False,False
1in6lce,"How do you keep yourself updated with new technologies, features or new tools in the market?",7,4,Specialist_Bird9619,2025-02-11 19:10:49,https://www.reddit.com/r/dataengineering/comments/1in6lce/how_do_you_keep_yourself_updated_with_new/,False,False,False,False
1in3drl,Essential Data Engineering Stakeholders: The Roles That Shape Your Work,6,0,ivanovyordan,2025-02-11 17:01:19,https://datagibberish.com/p/essential-data-engineering-stakeholders,False,False,False,False
1in0abh,Best practice - REST API and ingestion to db?,5,10,Crazy-Sir5935,2025-02-11 14:50:51,https://www.reddit.com/r/dataengineering/comments/1in0abh/best_practice_rest_api_and_ingestion_to_db/,False,False,False,False
1imyqqd,AWS Redshift- Resources,6,3,groversnoopyfozzie,2025-02-11 13:37:44,https://www.reddit.com/r/dataengineering/comments/1imyqqd/aws_redshift_resources/,False,False,False,False
1imv4t4,How to scale ETL for  big unstructured data ?,6,4,Sarcinismo,2025-02-11 09:54:27,https://www.reddit.com/r/dataengineering/comments/1imv4t4/how_to_scale_etl_for_big_unstructured_data/,False,False,False,False
1imkdor,When to use dynamic dags vs dynamic tasks?,4,7,Traditional_Reason59,2025-02-10 23:24:57,https://www.reddit.com/r/dataengineering/comments/1imkdor/when_to_use_dynamic_dags_vs_dynamic_tasks/,False,False,False,False
1imjl6l,Data Engineering coding interviews: what does verifying code mean?,4,3,jinbe-san,2025-02-10 22:49:50,https://www.reddit.com/r/dataengineering/comments/1imjl6l/data_engineering_coding_interviews_what_does/,False,False,False,False
1in1xf3,What exactly is a CU for Microsoft?,4,6,Ambitious_Yak6415,2025-02-11 16:00:53,https://www.reddit.com/r/dataengineering/comments/1in1xf3/what_exactly_is_a_cu_for_microsoft/,False,False,False,False
1in639y,Simple pipeline for a personal project is not so simple (OneDrive),3,0,icysandstone,2025-02-11 18:51:17,https://www.reddit.com/r/dataengineering/comments/1in639y/simple_pipeline_for_a_personal_project_is_not_so/,False,False,False,False
1in702n,How to do this in Azure Data Factory?,2,1,OsitoExtrano,2025-02-11 19:27:14,https://www.reddit.com/r/dataengineering/comments/1in702n/how_to_do_this_in_azure_data_factory/,False,False,False,False
1in2ni6,How to make Airflow to rerun upstream task on failure?,2,1,baubleglue,2025-02-11 16:31:17,https://www.reddit.com/r/dataengineering/comments/1in2ni6/how_to_make_airflow_to_rerun_upstream_task_on/,False,False,False,False
1imxj82,Which Output Data Ports Should You Consider?,2,0,growth_man,2025-02-11 12:33:45,https://moderndata101.substack.com/p/which-data-product-output-data-ports-to-consider,False,False,False,False
1imxiha,Struggle with Data Integrations,2,10,Natural-Tune-2141,2025-02-11 12:32:33,https://www.reddit.com/r/dataengineering/comments/1imxiha/struggle_with_data_integrations/,False,False,False,False
1imutvq,Delta mechanism,2,0,Huggable_Guy,2025-02-11 09:30:29,https://www.reddit.com/r/dataengineering/comments/1imutvq/delta_mechanism/,False,False,False,False
1imk1eu,B2A analytics looks different,2,6,Amrutha-Structured,2025-02-10 23:09:36,https://www.reddit.com/r/dataengineering/comments/1imk1eu/b2a_analytics_looks_different/,False,False,False,False
1imhxb9,Transitioning from analytics into engineering (Databricks),2,2,custerdomecreative,2025-02-10 21:40:22,https://www.reddit.com/r/dataengineering/comments/1imhxb9/transitioning_from_analytics_into_engineering/,False,False,False,False
1img35g,Dagster with a Hashicorp Vault (OpenBao) - what are the best practices ?,2,1,fixmyanxiety,2025-02-10 20:25:08,https://www.reddit.com/r/dataengineering/comments/1img35g/dagster_with_a_hashicorp_vault_openbao_what_are/,False,False,False,False
1in58ja,Looking to ask questions to data analysts for upcoming project,1,1,Good_Bet1701,2025-02-11 18:16:21,https://www.reddit.com/r/dataengineering/comments/1in58ja/looking_to_ask_questions_to_data_analysts_for/,False,False,False,False
1in4yu9,Moving to a data lake?,1,0,ryan7ait,2025-02-11 18:05:38,https://www.reddit.com/r/dataengineering/comments/1in4yu9/moving_to_a_data_lake/,False,False,False,False
1in4rhx,SQL monkey for ad-hoc report request,1,1,Derek8888888,2025-02-11 17:57:48,https://www.reddit.com/r/dataengineering/comments/1in4rhx/sql_monkey_for_adhoc_report_request/,False,False,False,False
1in4eaf,Webinar: LLM Secure Coding - The Unexplored Frontier | LinkedIn,1,0,Frosty-Champion7811,2025-02-11 17:42:41,https://www.linkedin.com/events/7288565033960198145/comments,False,False,False,False
1in2cyq,DA Job at prominent Company or DE Job at smaller Company,1,2,Waldchiller,2025-02-11 16:18:56,https://www.reddit.com/r/dataengineering/comments/1in2cyq/da_job_at_prominent_company_or_de_job_at_smaller/,False,False,False,False
1imzk90,Tools to send data from your data platform,1,2,trex_6622,2025-02-11 14:17:36,https://www.reddit.com/r/dataengineering/comments/1imzk90/tools_to_send_data_from_your_data_platform/,False,False,False,False
1imn0vf,Career Help,0,6,Inner-Extreme-4411,2025-02-11 01:30:43,https://www.reddit.com/r/dataengineering/comments/1imn0vf/career_help/,False,False,False,False
1imihcf,Cristian Scutaru (Snowflake expert) article on Medium about Zach Wilson Character,0,0,69odysseus,2025-02-10 22:02:58,https://www.reddit.com/r/dataengineering/comments/1imihcf/cristian_scutaru_snowflake_expert_article_on/,False,False,False,False
1imqc0k,Palantir Foundry,0,3,Lucky_Fortune_Sun,2025-02-11 04:26:21,https://www.reddit.com/r/dataengineering/comments/1imqc0k/palantir_foundry/,False,False,False,False
1imrgny,What are responsibilities of a data engineer?,0,8,itachiseshank,2025-02-11 05:31:37,https://www.reddit.com/r/dataengineering/comments/1imrgny/what_are_responsibilities_of_a_data_engineer/,False,False,False,False
